species,decimalLongitude,decimalLatitude
Gentianella campestris,17.33478,60.581
Gentianella campestris,17.25184,60.64386
Gentianella campestris,16.5516,60.47906
Gentianella campestris,17.27706,60.87607
Gentianella campestris,17.08935,60.51088
Gentianella campestris,16.26017,60.96501
Gentianella campestris,11.21711,58.82657
Gentianella campestris,14.99402,57.63824
Gentianella campestris,14.45008,57.90117
Gentianella campestris,14.94045,57.84889
Gentianella campestris,14.39836,57.62762
Gentianella campestris,14.92563,57.83532
Gentianella campestris,16.37331,57.83352
Gentianella campestris,14.30273,57.79445
Gentianella campestris,14.73352,57.61474
Gentianella campestris,16.3022,57.80329
Gentianella campestris,14.53072,57.71972
Gentianella campestris,14.72375,57.88674
Gentianella campestris,16.33656,57.62267
Gentianella campestris,14.88606,57.86827
Gentianella campestris,16.38179,57.83707
Gentianella campestris,15.38763,57.18759
Gentianella campestris,14.17869,56.65771
Gentianella campestris,14.91973,57.25071
Gentianella campestris,18.61176,59.89935
Gentianella campestris,18.27943,59.80543
Gentianella campestris,18.36926,59.83784
Gentianella campestris,8.83256723685754,60.0388444465018
Gentianella campestris,10.1864177239209,59.8768516478989
Gentianella campestris,10.1858184002824,59.8589509436215
Gentianella campestris,10.1861180641446,59.8678512937807
Gentianella campestris,10.1504168817079,59.8682509582601
Gentianella campestris,11.4092422757053,62.6624750232501
Gentianella campestris,11.3173355991815,62.7358771427643
Gentianella campestris,11.7551574707076,62.6022758844737
Gentianella campestris,10.835234657113,62.3793578728881
Gentianella campestris,8.19600891950581,60.9302730192167
Gentianella campestris,11.752488491288,59.357046534774
Gentianella campestris,10.1824,59.7216
Gentianella campestris,9.54370382406381,62.0627321768841
Gentianella campestris,10.0918208690687,59.7160444520311
Gentianella campestris,9.05055246270907,60.5704675306066
Gentianella campestris,9.08995062419926,60.6453708869988
Gentianella campestris,9.89631445967849,59.7175425810531
Gentianella campestris,8.40543082596539,60.5812613750754
Gentianella campestris,8.48723011285118,60.6610653643002
Gentianella campestris,8.58783340438302,60.6613664073429
Gentianella campestris,9.58009566850304,59.9348479071911
Gentianella campestris,9.27867244031039,60.2680579313069
Gentianella campestris,8.49216986991627,59.701627849333
Gentianella campestris,10.1632228682599,59.7244454812795
Gentianella campestris,10.168617134132,59.8770514806626
Gentianella campestris,10.4831,62.4618
Gentianella campestris,10.5621,62.4878
Gentianella campestris,11.7568567245198,62.6201766336931
Gentianella campestris,8.28881313089044,60.9038729309388
Gentianella campestris,7.96099531097963,61.0633758664894
Gentianella campestris,9.71630902350544,62.079934610487
Gentianella campestris,9.47249286735977,59.9172461457727
Gentianella campestris,22.9536653941573,70.0464893714202
Gentianella campestris,12.1353,65.9081
Gentianella campestris,12.151,65.9057
Gentianella campestris,9.20844,62.584
Gentianella campestris,9.11723,62.5009
Gentianella campestris,8.94612,62.48614
Gentianella campestris,8.96309,62.53686
Gentianella campestris,9.12297,62.58088
Gentianella campestris,8.8698,62.49769
Gentianella campestris,16.71324,62.37568
Gentianella campestris,16.67279,62.31312
Gentianella campestris,14.73792,57.88794
Gentianella campestris,16.35604,60.25967
Gentianella campestris,14.63705,60.84806
Gentianella campestris,14.91879,59.29469
Gentianella campestris,14.8654790802133,68.2370450377826
Gentianella campestris,14.8671,68.2299
Gentianella campestris,19.6677155960518,69.7118506825775
Gentianella campestris,15.4321,59.3444
Gentianella campestris,7.5422,60.3295
Gentianella campestris,14.65473,61.07512
Gentianella campestris,17.40521,58.83512
Gentianella campestris,18.60744,59.89046
Gentianella campestris,18.6712,59.86304
Gentianella campestris,18.68478,59.87748
Gentianella campestris,16.02032,61.11058
Gentianella campestris,15.22291,58.06638
Gentianella campestris,17.37952,58.83917
Gentianella campestris,18.62536,59.9058
Gentianella campestris,12.5752,57.75772
Gentianella campestris,14.08239,58.84861
Gentianella campestris,15.74604,59.98598
Gentianella campestris,16.35172,60.26556
Gentianella campestris,16.34794,60.2557
Gentianella campestris,16.72931,58.17096
Gentianella campestris,15.81666,57.8791
Gentianella campestris,15.27513,58.18566
Gentianella campestris,16.6667,58.38899
Gentianella campestris,15.66283,58.91968
Gentianella campestris,14.73031,58.13569
Gentianella campestris,15.28483,58.15898
Gentianella campestris,15.26202,58.13551
Gentianella campestris,15.43107,57.71392
Gentianella campestris,16.63781,58.49429
Gentianella campestris,18.63302,60.14376
Gentianella campestris,18.66832,60.13133
Gentianella campestris,18.76414,60.05461
Gentianella campestris,18.00939,59.49416
Gentianella campestris,13.93239,61.33609
Gentianella campestris,15.96514,57.62822
Gentianella campestris,14.78057,58.06791
Gentianella campestris,14.55936,57.90457
Gentianella campestris,13.9277,57.90952
Gentianella campestris,14.78032,62.98456
Gentianella campestris,15.80613,57.48376
Gentianella campestris,10.165047,59.735228
Gentianella campestris,9.995745,59.7132
Gentianella campestris,9.97792,59.711538
Gentianella campestris,9.988901,59.722232
Gentianella campestris,10.520285,60.503937
Gentianella campestris,23.845484,60.620649
Gentianella campestris,16.18647,57.82618
Gentianella campestris,15.44461,58.31698
Gentianella campestris,15.9523,58.82272
Gentianella campestris,15.47558,58.28641
Gentianella campestris,15.9588,57.71443
Gentianella campestris,15.67947,56.50219
Gentianella campestris,15.11832,57.70635
Gentianella campestris,16.77134,58.52024
Gentianella campestris,15.49521,56.59527
Gentianella campestris,15.43756,58.34467
Gentianella campestris,16.68671,57.91079
Gentianella campestris,15.56691,58.68433
Gentianella campestris,15.65966,56.98706
Gentianella campestris,16.30765,57.82576
Gentianella campestris,15.77318,56.9611
Gentianella campestris,15.66277,58.93404
Gentianella campestris,15.36563,58.28436
Gentianella campestris,14.61456,57.973
Gentianella campestris,15.19569,57.90783
Gentianella campestris,14.90007,57.86277
Gentianella campestris,15.49194,57.97655
Gentianella campestris,12.50209,56.27788
Gentianella campestris,16.14444,57.82989
Gentianella campestris,14.59902,57.87028
Gentianella campestris,16.08463,57.49512
Gentianella campestris,14.90438,58.17951
Gentianella campestris,15.08573,57.91714
Gentianella campestris,15.05699,57.87062
Gentianella campestris,16.1574,57.77778
Gentianella campestris,14.46102,57.42899
Gentianella campestris,15.46662,57.75933
Gentianella campestris,14.7467,58.20862
Gentianella campestris,15.36522,57.89341
Gentianella campestris,13.82496,56.93373
Gentianella campestris,15.67756,57.04096
Gentianella campestris,16.36925,57.30152
Gentianella campestris,15.53711,57.3398
Gentianella campestris,16.02871,57.90539
Gentianella campestris,16.33661,57.73496
Gentianella campestris,15.48151,58.01577
Gentianella campestris,14.61595,57.92482
Gentianella campestris,15.74985,57.22244
Gentianella campestris,15.21648,57.45088
Gentianella campestris,14.57265,57.6502
Gentianella campestris,17.12498,60.53656
Gentianella campestris,16.27119,60.96138
Gentianella campestris,11.2172,58.83502
Gentianella campestris,14.76459,60.00298
Gentianella campestris,16.404827,68.088531
Gentianella campestris,11.850836,62.684734
Gentianella campestris,14.168085,66.780003
Gentianella campestris,15.64674,57.313
Gentianella campestris,14.65225,57.85558
Gentianella campestris,14.94109,57.96293
Gentianella campestris,14.72327,57.95857
Gentianella campestris,15.41676,57.56213
Gentianella campestris,14.65497,57.98131
Gentianella campestris,14.6203,57.28866
Gentianella campestris,14.2527,57.43194
Gentianella campestris,14.35942,57.51223
Gentianella campestris,14.26874,57.48601
Gentianella campestris,14.28414,57.51673
Gentianella campestris,14.379917,68.215419
Gentianella campestris,19.104651,69.719351
Gentianella campestris,18.80745,60.02707
Gentianella campestris,18.24291,59.81779
Gentianella campestris,11.34093,58.4367
Gentianella campestris,5.5579,58.6594
Gentianella campestris,10.0638,59.9067
Gentianella campestris,8.64443502730324,60.6669672077172
Gentianella campestris,8.14782039494296,60.6283605777054
Gentianella campestris,9.05434961650123,60.6413703684553
Gentianella campestris,8.95544281042244,60.7252726821936
Gentianella campestris,8.62983458962235,60.665967018886
Gentianella campestris,10.6111355688401,62.1841477311503
Gentianella campestris,8.97020447760043,61.6150083036049
Gentianella campestris,8.72655432604365,60.2702524281864
Gentianella campestris,8.50993291591059,60.6126636864621
Gentianella campestris,8.49353257350984,60.6080633367517
Gentianella campestris,9.2318,62.50658
Gentianella campestris,8.90628,62.1786
Gentianella campestris,9.03659,62.13904
Gentianella campestris,9.82223,62.09072
Gentianella campestris,9.69784,62.08895
Gentianella campestris,9.86434,62.06523
Gentianella campestris,9.88879,62.06254
Gentianella campestris,9.64067,62.08904
Gentianella campestris,9.7671,62.09724
Gentianella campestris,9.148061,60.868828
Gentianella campestris,8.994103,60.897037
Gentianella campestris,9.183771,60.870023
Gentianella campestris,17.86778,60.30881
Gentianella campestris,15.00187,57.98505
Gentianella campestris,13.14655,63.26852
Gentianella campestris,22.0127,70.0835
Gentianella campestris,19.6447172860189,69.666848484909
Gentianella campestris,25.9869764003371,71.0085519790154
Gentianella campestris,25.8251640435527,71.0672537026716
Gentianella campestris,25.742359412119,71.066653187856
Gentianella campestris,15.32529,59.34976
Gentianella campestris,15.26484,63.56057
Gentianella campestris,14.49942,62.96222
Gentianella campestris,8.276546,62.240468
Gentianella campestris,8.767342,62.240013
Gentianella campestris,8.873081,62.218517
Gentianella campestris,12.22983,59.0485
Gentianella campestris,16.90556,59.18757
Gentianella campestris,15.41601,62.11867
Gentianella campestris,15.49073,58.22219
Gentianella campestris,15.54475,58.23406
Gentianella campestris,18.13901,62.9632
Gentianella campestris,17.47208,62.46828
Gentianella campestris,12.73616,57.86145
Gentianella campestris,18.27181,59.11122
Gentianella campestris,15.30612,57.71712
Gentianella campestris,18.80019,60.06585
Gentianella campestris,15.55348,57.37306
Gentianella campestris,12.36591,59.5384
Gentianella campestris,16.13395,59.07454
Gentianella campestris,16.52183,56.74218
Gentianella campestris,14.62046,58.00529
Gentianella campestris,14.65339,57.97478
Gentianella campestris,16.64687,58.44614
Gentianella campestris,16.02299,58.63769
Gentianella campestris,16.70223,58.56922
Gentianella campestris,16.16167,57.35665
Gentianella campestris,16.11176,57.3478
Gentianella campestris,16.08544,57.38198
Gentianella campestris,16.59072,58.53937
Gentianella campestris,16.08384,57.39097
Gentianella campestris,16.15,57.35219
Gentianella campestris,15.80948,58.59837
Gentianella campestris,16.13181,57.36122
Gentianella campestris,15.97491,57.56984
Gentianella campestris,16.27385,58.59887
Gentianella campestris,16.17171,57.36291
Gentianella campestris,16.74066,58.52809
Gentianella campestris,15.82323,58.58985
Gentianella campestris,16.78007,58.51936
Gentianella campestris,15.84756,57.25837
Gentianella campestris,16.17475,57.33506
Gentianella campestris,16.42761,58.58834
Gentianella campestris,15.43848,56.7379
Gentianella campestris,14.50536,57.70654
Gentianella campestris,17.0809,60.29553
Gentianella campestris,11.23626,58.39902
Gentianella campestris,17.21856,60.63524
Gentianella campestris,9.748265,62.148962
Gentianella campestris,15.48464,57.76542
Gentianella campestris,13.549227,66.904736
Gentianella campestris,18.07805,59.62229
Gentianella campestris,15.69291,57.40734
Gentianella campestris,15.32579,57.61928
Gentianella campestris,16.02031,57.63169
Gentianella campestris,15.1421,57.68938
Gentianella campestris,15.74183,57.02754
Gentianella campestris,14.15701,57.22685
Gentianella campestris,13.69639,57.3475
Gentianella campestris,14.039401,67.01926
Gentianella campestris,12.7867,57.85674
Gentianella campestris,18.75482,59.27288
Gentianella campestris,18.38853,60.52174
Gentianella campestris,18.82628,60.07604
Gentianella campestris,18.81829,60.10676
Gentianella campestris,18.81989,60.00613
Gentianella campestris,18.57556,59.93694
Gentianella campestris,12.80029,59.91273
Gentianella campestris,17.37353,59.98363
Gentianella campestris,17.52203,60.35973
Gentianella campestris,9.44414461038111,61.0652911175345
Gentianella campestris,9.69289177807262,62.4350488035383
Gentianella campestris,8.70181439068006,61.1886885002588
Gentianella campestris,10.8679,60.579
Gentianella campestris,9.41038084747235,62.4568468389956
Gentianella campestris,8.3579,62.527
Gentianella campestris,10.0756,59.718
Gentianella campestris,9.43844472318492,61.0581907774821
Gentianella campestris,8.66861434917026,61.1643871916252
Gentianella campestris,5.19238545034947,59.2517756408423
Gentianella campestris,12.0962,60.1391
Gentianella campestris,12.4715827379393,60.1620846884329
Gentianella campestris,11.5889151959443,61.1203143486304
Gentianella campestris,9.64938783570881,62.4864504606673
Gentianella campestris,9.40334327523405,61.0644906750228
Gentianella campestris,8.5101,62.5437
Gentianella campestris,8.8952,62.5042
Gentianella campestris,12.1173,60.1243
Gentianella campestris,8.9713,62.1106
Gentianella campestris,10.6589,62.1351
Gentianella campestris,9.45374,62.46407
Gentianella campestris,9.43247,62.46307
Gentianella campestris,9.65174,62.47954
Gentianella campestris,9.6989,62.42327
Gentianella campestris,9.65066,62.4747
Gentianella campestris,9.6661,62.46062
Gentianella campestris,9.82912,62.44688
Gentianella campestris,8.67821,61.16481
Gentianella campestris,9.46374,61.04868
Gentianella campestris,9.42934,61.06462
Gentianella campestris,9.03489,62.47088
Gentianella campestris,8.89635,62.43101
Gentianella campestris,8.93419,62.47503
Gentianella campestris,8.92579,62.4604
Gentianella campestris,8.93719,62.4796
Gentianella campestris,8.92384,62.41436
Gentianella campestris,8.9306,62.46684
Gentianella campestris,8.90021,62.44582
Gentianella campestris,5.3677,62.23094
Gentianella campestris,9.476067,61.039935
Gentianella campestris,15.82862,58.73026
Gentianella campestris,15.65819,58.84405
Gentianella campestris,12.0007,59.1958
Gentianella campestris,14.57834,57.6775
Gentianella campestris,14.82185,59.25853
Gentianella campestris,16.27859,60.3376
Gentianella campestris,13.80373,60.77315
Gentianella campestris,13.60411,61.54963
Gentianella campestris,14.76224,60.17735
Gentianella campestris,11.2478,58.4259
Gentianella campestris,15.29646,59.34992
Gentianella campestris,12.97564,63.1108
Gentianella campestris,15.90134,62.85327
Gentianella campestris,18.75231,59.99239
Gentianella campestris,15.81281,62.53654
Gentianella campestris,16.01981,58.25672
Gentianella campestris,14.88722,58.13456
Gentianella campestris,14.72126,58.16139
Gentianella campestris,15.67761,58.91687
Gentianella campestris,15.81171,58.33078
Gentianella campestris,18.40606,60.4347
Gentianella campestris,15.79594,60.03199
Gentianella campestris,15.33054,60.72396
Gentianella campestris,15.60225,58.88908
Gentianella campestris,15.651,58.84875
Gentianella campestris,14.86626,58.1752
Gentianella campestris,18.55932,60.03557
Gentianella campestris,18.79047,60.09751
Gentianella campestris,18.74352,59.97795
Gentianella campestris,18.6653,59.97447
Gentianella campestris,17.70927,59.50466
Gentianella campestris,16.12436,57.84341
Gentianella campestris,16.21643,57.73288
Gentianella campestris,16.25236,59.05032
Gentianella campestris,16.86276,58.94791
Gentianella campestris,15.80117,57.20001
Gentianella campestris,11.55861,58.04181
Gentianella campestris,11.40359,58.39525
Gentianella campestris,14.90028,57.85818
Gentianella campestris,14.62567,63.36522
Gentianella campestris,15.59562,63.30258
Gentianella campestris,15.7861,57.51608
Gentianella campestris,10.093622,59.726862
Gentianella campestris,8.3396,60.3
Gentianella campestris,14.86348,56.53374
Gentianella campestris,15.66367,57.67583
Gentianella campestris,15.56372,57.56817
Gentianella campestris,15.93032,57.72613
Gentianella campestris,14.99567,57.91885
Gentianella campestris,16.10092,57.65311
Gentianella campestris,15.61959,58.89
Gentianella campestris,16.06009,57.80315
Gentianella campestris,16.10353,57.76804
Gentianella campestris,15.41928,57.62854
Gentianella campestris,15.37639,56.38501
Gentianella campestris,16.06721,57.62446
Gentianella campestris,15.98415,58.78767
Gentianella campestris,17.15579,60.64754
Gentianella campestris,16.99556,60.94217
Gentianella campestris,14.645827,66.98857
Gentianella campestris,14.424141,67.027844
Gentianella campestris,14.363495,66.932072
Gentianella campestris,14.367825,66.89755
Gentianella campestris,14.224248,66.981243
Gentianella campestris,14.324329,66.926081
Gentianella campestris,5.739803,58.53815
Gentianella campestris,13.649982,66.735152
Gentianella campestris,14.255096,66.834266
Gentianella campestris,13.628557,66.732725
Gentianella campestris,15.33537,57.39483
Gentianella campestris,14.64263,57.57892
Gentianella campestris,16.03118,57.63032
Gentianella campestris,15.79795,56.40163
Gentianella campestris,15.79458,56.84077
Gentianella campestris,13.601769,66.940184
Gentianella campestris,12.876,57.55594
Gentianella campestris,17.42031,59.50815
Gentianella campestris,18.93335,59.87924
Gentianella campestris,18.8501,59.8005
Gentianella campestris,17.93265,60.51452
Gentianella campestris,17.93065,60.53968
Gentianella campestris,18.0076,60.54562
Gentianella campestris,11.6908610710382,60.0420726414716
Gentianella campestris,9.4433,59.97
Gentianella campestris,10.0675,59.7159
Gentianella campestris,11.4080412679263,62.6835758761799
Gentianella campestris,10.0758,59.727
Gentianella campestris,10.2755555507809,61.4667154549143
Gentianella campestris,9.758,62.1534
Gentianella campestris,12.44185,59.09119
Gentianella campestris,14.64936,57.57537
Gentianella campestris,14.72074,60.03151
Gentianella campestris,16.33641,60.3302
Gentianella campestris,15.33704,57.82895
Gentianella campestris,18.87248,59.95438
Gentianella campestris,14.2207289214371,66.9726837521907
Gentianella campestris,14.3938395220281,66.9195830098648
Gentianella campestris,19.8509276519567,69.6682501219841
Gentianella campestris,21.4378678835124,70.3350918850053
Gentianella campestris,12.32057,58.91579
Gentianella campestris,12.62883,62.53387
Gentianella campestris,15.7681,58.35634
Gentianella campestris,15.57897,56.99981
Gentianella campestris,18.27558,60.25792
Gentianella campestris,14.37006,59.7833
Gentianella campestris,14.25451,59.8011
Gentianella campestris,14.21349,58.29358
Gentianella campestris,13.97564,58.11079
Gentianella campestris,18.42715,59.07079
Gentianella campestris,18.4709,59.07512
Gentianella campestris,16.03358,57.59938
Gentianella campestris,15.76807,57.21527
Gentianella campestris,11.96975,58.03617
Gentianella campestris,15.97164,57.58511
Gentianella campestris,15.50156,57.98739
Gentianella campestris,15.58078,58.67018
Gentianella campestris,14.02037,57.48468
Gentianella campestris,16.15312,57.50662
Gentianella campestris,14.69858,58.09383
Gentianella campestris,14.37048,63.3562
Gentianella campestris,16.23151,57.50459
Gentianella campestris,16.01216,61.57041
Gentianella campestris,12.75881,59.94172
Gentianella campestris,17.32192,58.89212
Gentianella campestris,8.603022,61.079646
Gentianella campestris,8.653848,61.044956
Gentianella campestris,15.15073,61.75965
Gentianella campestris,16.47037,61.23426
Gentianella campestris,11.204601,64.728284
Gentianella campestris,9.498865,62.615953
Gentianella campestris,9.115021,62.124006
Gentianella campestris,13.537917,66.902837
Gentianella campestris,18.01312,59.65167
Gentianella campestris,14.46448,57.78639
Gentianella campestris,15.53544,56.6501
Gentianella campestris,13.87273,57.56409
Gentianella campestris,18.33364,59.72088
Gentianella campestris,5.79873404503982,58.5010536520993
Gentianella campestris,9.5146,61.4359
Gentianella campestris,9.3262,63.6612
Gentianella campestris,10.963830503092,62.5706669399328
Gentianella campestris,13.6853,66.5197
Gentianella campestris,10.9284,60.615
Gentianella campestris,11.5785551555194,60.0990738103561
Gentianella campestris,8.96779919700552,59.3412187306032
Gentianella campestris,11.3398321470866,60.4861867719243
Gentianella campestris,8.8852,60.2831
Gentianella campestris,8.8753,60.2652
Gentianella campestris,8.6973,60.4525
Gentianella campestris,8.7518,60.4625
Gentianella campestris,9.73653959621852,61.4101078245448
Gentianella campestris,9.7394,62.1804
Gentianella campestris,10.8435,60.5991
Gentianella campestris,9.5476,62.1948
Gentianella campestris,10.1278,62.2945
Gentianella campestris,10.9573,60.5795
Gentianella campestris,11.0124322722451,62.5699673856114
Gentianella campestris,10.1944207906559,62.1875437505099
Gentianella campestris,9.497,62.6213
Gentianella campestris,9.5489,62.2621
Gentianella campestris,9.1437,62.1105
Gentianella campestris,9.6059,62.226
Gentianella campestris,9.8163,62.18
Gentianella campestris,9.8791,62.3591
Gentianella campestris,9.8389,62.3055
Gentianella campestris,11.2162,64.7416
Gentianella campestris,15.02421,57.59612
Gentianella campestris,14.73719,61.15405
Gentianella campestris,15.3622,57.91099
Gentianella campestris,17.97302,59.74596
Gentianella campestris,15.14941,62.71494
Gentianella campestris,14.8339,59.24595
Gentianella campestris,10.865027,60.640565
Gentianella campestris,10.839124,60.603204
Gentianella campestris,10.856355,60.648768
Gentianella campestris,17.86324,59.18626
Gentianella campestris,14.15118,56.96856
Gentianella campestris,15.80533,61.96185
Gentianella campestris,16.11249,62.09266
Gentianella campestris,15.1631,61.7419
Gentianella campestris,16.69976,61.21778
Gentianella campestris,18.44906,59.98893
Gentianella campestris,12.09378,59.48334
Gentianella campestris,15.09295,58.14618
Gentianella campestris,13.36118,58.08881
Gentianella campestris,11.87877,57.68409
Gentianella campestris,15.67002,59.7214
Gentianella campestris,14.77359,61.17677
Gentianella campestris,15.46687,60.62628
Gentianella campestris,15.2813,58.22146
Gentianella campestris,15.95696,58.0543
Gentianella campestris,16.67611,58.38749
Gentianella campestris,15.04583,58.15501
Gentianella campestris,15.451,57.9687
Gentianella campestris,15.54025,57.87895
Gentianella campestris,15.8193,57.85739
Gentianella campestris,15.60211,57.97946
Gentianella campestris,15.82518,59.00459
Gentianella campestris,15.53702,58.80368
Gentianella campestris,14.68152,58.10501
Gentianella campestris,15.4162,58.07648
Gentianella campestris,18.34659,59.58683
Gentianella campestris,12.59584,59.93055
Gentianella campestris,12.32074,59.59471
Gentianella campestris,12.72687,59.9579
Gentianella campestris,12.76406,59.93806
Gentianella campestris,12.80266,59.87253
Gentianella campestris,12.61023,59.32632
Gentianella campestris,12.51053,59.21724
Gentianella campestris,12.26363,59.57293
Gentianella campestris,12.79456,59.86336
Gentianella campestris,12.76258,59.92011
Gentianella campestris,12.53957,59.34982
Gentianella campestris,16.32426,58.82454
Gentianella campestris,16.8172,58.97091
Gentianella campestris,14.4256,57.82462
Gentianella campestris,13.71002,57.45733
Gentianella campestris,15.62048,57.49234
Gentianella campestris,14.08672,57.5869
Gentianella campestris,13.92351,57.48841
Gentianella campestris,16.09055,57.38713
Gentianella campestris,9.7823,62.3508
Gentianella campestris,9.2011,62.0925
Gentianella campestris,11.7512,61.697
Gentianella campestris,7.85122664614243,60.2543428008697
Gentianella campestris,8.66621968649659,61.0404822348033
Gentianella campestris,14.89332,58.95761
Gentianella campestris,15.06531,58.13197
Gentianella campestris,17.61173,59.62115
Gentianella campestris,15.81993,58.92856
Gentianella campestris,15.27176,58.65135
Gentianella campestris,14.64212,57.85638
Gentianella campestris,15.03091,57.79291
Gentianella campestris,14.24432,56.82516
Gentianella campestris,15.46178,58.57367
Gentianella campestris,17.43492,62.77685
Gentianella campestris,15.7599,61.46177
Gentianella campestris,15.56288,58.19638
Gentianella campestris,11.10073,58.96335
Gentianella campestris,11.69605,57.99423
Gentianella campestris,17.26644,60.75225
Gentianella campestris,11.148073,64.809908
Gentianella campestris,14.571366,67.051182
Gentianella campestris,7.962604,62.520885
Gentianella campestris,10.089024,59.711184
Gentianella campestris,9.805183,59.644666
Gentianella campestris,14.460235,67.036043
Gentianella campestris,9.565441,59.536828
Gentianella campestris,7.872718,62.511316
Gentianella campestris,10.087631,59.706707
Gentianella campestris,9.443387,59.975908
Gentianella campestris,15.313,57.69825
Gentianella campestris,14.51589,57.66479
Gentianella campestris,14.96665,57.95323
Gentianella campestris,15.45527,57.03066
Gentianella campestris,15.66482,56.49046
Gentianella campestris,17.98493,60.26228
Gentianella campestris,18.00056,60.46852
Gentianella campestris,17.66136,60.41981
Gentianella campestris,17.90084,60.58594
Gentianella campestris,17.86255,60.52908
Gentianella campestris,11.4058,60.7186
Gentianella campestris,8.3181,60.8969
Gentianella campestris,11.5245,59.5369
Gentianella campestris,7.8309,63.3763
Gentianella campestris,10.6246,60.6424
Gentianella campestris,10.3696202823354,59.965356902161
Gentianella campestris,7.19327704766683,62.9925456627771
Gentianella campestris,8.7041,60.3125
Gentianella campestris,10.9726,62.5765
Gentianella campestris,12.1139,63.9761
Gentianella campestris,5.9746259057531,58.8409684230157
Gentianella campestris,8.61536947894431,59.8098333100789
Gentianella campestris,8.4374,60.9244
Gentianella campestris,10.49,60.2991
Gentianella campestris,10.8965,60.6945
Gentianella campestris,11.159,64.8142
Gentianella campestris,10.0147,61.8838
Gentianella campestris,7.2947,62.2262
Gentianella campestris,10.7657,60.7133
Gentianella campestris,10.1822,59.7171
Gentianella campestris,11.7572,65.1007
Gentianella campestris,7.8745,62.5158
Gentianella campestris,11.83712,57.79149
Gentianella campestris,9.04828,62.51331
Gentianella campestris,9.06629,62.50829
Gentianella campestris,8.98792,62.51772
Gentianella campestris,8.97522,62.50916
Gentianella campestris,8.95428,62.50406
Gentianella campestris,8.96511,62.50827
Gentianella campestris,17.19046,62.457
Gentianella campestris,16.12998,59.83784
Gentianella campestris,14.34111,61.26388
Gentianella campestris,15.65104,60.29877
Gentianella campestris,15.50523,58.5387
Gentianella campestris,16.07498,58.71293
Gentianella campestris,13.36992,55.69846
Gentianella campestris,14.52346,63.17261
Gentianella campestris,15.14537,62.7263
Gentianella campestris,13.80208,63.56706
Gentianella campestris,13.7788,63.56683
Gentianella campestris,15.42883,59.7742
Gentianella campestris,14.82349,59.43941
Gentianella campestris,10.785088,60.716194
Gentianella campestris,10.847708,60.625538
Gentianella campestris,13.62909,58.19278
Gentianella campestris,17.53378,62.52946
Gentianella campestris,13.61969,63.26518
Gentianella campestris,14.48881,63.33795
Gentianella campestris,17.19838,62.45961
Gentianella campestris,16.64564,62.44609
Gentianella campestris,17.44028,62.77289
Gentianella campestris,15.96269,62.59209
Gentianella campestris,12.54134,60.14922
Gentianella campestris,12.31766,59.52186
Gentianella campestris,17.8998,60.59193
Gentianella campestris,17.66774,60.43152
Gentianella campestris,18.28717,60.13803
Gentianella campestris,17.93893,60.24955
Gentianella campestris,18.05509,60.48651
Gentianella campestris,18.47556,60.2785
Gentianella campestris,15.28643,58.15251
Gentianella campestris,11.75028,57.64768
Gentianella campestris,17.97894,62.96665
Gentianella campestris,17.54748,62.53108
Gentianella campestris,17.61865,62.51941
Gentianella campestris,17.53883,62.48273
Gentianella campestris,18.46027,63.16201
Gentianella campestris,17.65833,62.43901
Gentianella campestris,16.64947,62.21383
Gentianella campestris,16.68465,58.36323
Gentianella campestris,15.94507,58.07882
Gentianella campestris,15.43386,58.19633
Gentianella campestris,15.42727,58.20248
Gentianella campestris,15.86407,58.14852
Gentianella campestris,15.07002,58.31498
Gentianella campestris,15.54041,57.87362
Gentianella campestris,15.55821,57.8173
Gentianella campestris,16.32689,58.28965
Gentianella campestris,15.38855,58.18507
Gentianella campestris,15.24213,58.09221
Gentianella campestris,15.22871,58.1087
Gentianella campestris,15.48143,57.83214
Gentianella campestris,15.09471,58.14159
Gentianella campestris,15.67131,57.96108
Gentianella campestris,18.70537,60.11247
Gentianella campestris,17.87346,59.18165
Gentianella campestris,16.26199,56.87052
Gentianella campestris,16.22961,56.90655
Gentianella campestris,15.68495,57.82759
Gentianella campestris,15.98349,57.61652
Gentianella campestris,12.70312,60.01565
Gentianella campestris,12.8409,60.05704
Gentianella campestris,12.79212,59.91001
Gentianella campestris,12.15634,59.52554
Gentianella campestris,12.69761,60.41618
Gentianella campestris,14.36396,59.75073
Gentianella campestris,11.16746,58.80542
Gentianella campestris,14.42914,57.81728
Gentianella campestris,14.40771,57.49668
Gentianella campestris,14.1429,57.53237
Gentianella campestris,15.77211,56.42053
Gentianella campestris,15.78077,58.34637
Gentianella campestris,16.49095,58.1228
Gentianella campestris,15.77086,57.75402
Gentianella campestris,15.16294,58.31241
Gentianella campestris,15.61982,58.23526
Gentianella campestris,14.66169,58.12228
Gentianella campestris,15.26689,58.09177
Gentianella campestris,14.40212,57.22534
Gentianella campestris,15.91417,58.07642
Gentianella campestris,15.78658,56.62978
Gentianella campestris,15.15287,58.08797
Gentianella campestris,15.23586,58.0816
Gentianella campestris,15.69313,58.32244
Gentianella campestris,15.42583,58.60313
Gentianella campestris,13.5949,58.53135
Gentianella campestris,9.623804,62.294781
Gentianella campestris,16.25339,60.87619
Gentianella campestris,8.882802,61.936227
Gentianella campestris,8.776118,61.931016
Gentianella campestris,8.489349,62.083154
Gentianella campestris,11.98221,59.03445
Gentianella campestris,12.2933,59.11559
Gentianella campestris,12.33058,58.76263
Gentianella campestris,11.53569,57.9733
Gentianella campestris,13.70331,58.30924
Gentianella campestris,11.69235,57.98513
Gentianella campestris,14.97284,57.66657
Gentianella campestris,13.47164,57.97766
Gentianella campestris,15.75575,61.46733
Gentianella campestris,15.69306,61.50316
Gentianella campestris,9.619666,62.427868
Gentianella campestris,9.658985,62.454617
Gentianella campestris,9.643079,62.616263
Gentianella campestris,9.597263,62.275367
Gentianella campestris,8.553134,62.527267
Gentianella campestris,14.08482,67.154094
Gentianella campestris,14.871915,67.910846
Gentianella campestris,14.458205,67.229799
Gentianella campestris,8.342483,59.457189
Gentianella campestris,17.87351,59.46675
Gentianella campestris,14.76122,57.58265
Gentianella campestris,14.75446,57.52692
Gentianella campestris,15.78765,57.59505
Gentianella campestris,15.56185,57.602
Gentianella campestris,14.92855,57.78416
Gentianella campestris,14.53264,57.66496
Gentianella campestris,15.01721,57.72728
Gentianella campestris,14.04438,57.85039
Gentianella campestris,14.72198,57.15846
Gentianella campestris,16.00163,57.26895
Gentianella campestris,15.37673,58.18092
Gentianella campestris,13.849956,66.874904
Gentianella campestris,18.46483,60.40799
Gentianella campestris,15.71089,58.48702
Gentianella campestris,12.0141,60.2006
Gentianella campestris,9.4824,59.9483
Gentianella campestris,7.6101,60.6701
Gentianella campestris,10.07,59.7383
Gentianella campestris,9.933,58.9679
Gentianella campestris,10.4567,60.3246
Gentianella campestris,10.434,60.3446
Gentianella campestris,10.6601,60.6913
Gentianella campestris,10.6281126142804,60.3773755975823
Gentianella campestris,5.0611,62.01
Gentianella campestris,10.5035,60.6725
Gentianella campestris,10.6233,60.6163
Gentianella campestris,7.2817,61.9459
Gentianella campestris,10.1102,59.6908
Gentianella campestris,11.4742061789613,61.2437181858219
Gentianella campestris,8.90988777148291,61.9368206492313
Gentianella campestris,10.5761,60.5846
Gentianella campestris,9.46581377720976,61.7843201431228
Gentianella campestris,10.7341,60.1264
Gentianella campestris,10.5322,60.6596
Gentianella campestris,10.5585,60.5596
Gentianella campestris,10.1825,59.7261
Gentianella campestris,9.4162,63.8063
Gentianella campestris,9.4161,63.7974
Gentianella campestris,13.90985,63.40288
Gentianella campestris,14.50925,57.64794
Gentianella campestris,15.77685,56.19966
Gentianella campestris,14.5762,67.035
Gentianella campestris,19.1513,69.7354
Gentianella campestris,19.6858152239011,69.7321517333288
Gentianella campestris,16.7027,68.8672
Gentianella campestris,16.6792,68.8853
Gentianella campestris,15.11871,62.9679
Gentianella campestris,14.87483,59.65842
Gentianella campestris,10.907874,60.622897
Gentianella campestris,10.908381,60.662406
Gentianella campestris,10.522315,60.508404
Gentianella campestris,10.479432,60.326588
Gentianella campestris,10.435598,60.359397
Gentianella campestris,13.60581,58.13648
Gentianella campestris,13.46329,58.11595
Gentianella campestris,8.063772,62.270803
Gentianella campestris,14.04028,56.80987
Gentianella campestris,15.77075,62.02428
Gentianella campestris,14.65423,63.16847
Gentianella campestris,14.58957,63.3809
Gentianella campestris,14.71247,63.80165
Gentianella campestris,14.60655,63.25704
Gentianella campestris,14.8262,63.22314
Gentianella campestris,14.5334,63.35676
Gentianella campestris,16.68641,62.31753
Gentianella campestris,13.66049,58.22312
Gentianella campestris,13.71398,58.28577
Gentianella campestris,13.69844,58.28305
Gentianella campestris,13.94698,55.96191
Gentianella campestris,12.28988,59.10121
Gentianella campestris,17.49376,62.62783
Gentianella campestris,17.44953,62.91927
Gentianella campestris,17.4871,63.00758
Gentianella campestris,15.60057,58.21585
Gentianella campestris,16.71003,58.26112
Gentianella campestris,15.40073,58.0921
Gentianella campestris,15.56033,57.96543
Gentianella campestris,15.696,58.86047
Gentianella campestris,15.83182,58.71337
Gentianella campestris,15.06703,58.56598
Gentianella campestris,15.06673,58.57655
Gentianella campestris,15.26707,58.78532
Gentianella campestris,19.0208,59.71616
Gentianella campestris,18.34442,59.55813
Gentianella campestris,19.0049,59.78574
Gentianella campestris,15.74586,56.49304
Gentianella campestris,12.41659,59.52266
Gentianella campestris,12.61106,59.82147
Gentianella campestris,12.64984,60.22106
Gentianella campestris,12.41709,60.93252
Gentianella campestris,13.94121,58.03266
Gentianella campestris,11.26633,58.56763
Gentianella campestris,14.52495,57.84615
Gentianella campestris,18.25961,59.73976
Gentianella campestris,17.64763,59.57109
Gentianella campestris,15.47291,57.83525
Gentianella campestris,13.73774,58.24128
Gentianella campestris,14.70649,63.1041
Gentianella campestris,13.20662,63.34279
Gentianella campestris,14.05174,63.50555
Gentianella campestris,12.62914,63.46347
Gentianella campestris,18.36498,59.91097
Gentianella campestris,9.384,61.4098
Gentianella campestris,9.3475,61.4176
Gentianella campestris,14.72219,56.47054
Gentianella campestris,15.51037,57.5552
Gentianella campestris,15.00057,58.69685
Gentianella campestris,15.74668,57.13714
Gentianella campestris,16.11922,56.85659
Gentianella campestris,12.83479,59.83283
Gentianella campestris,14.46196,57.80881
Gentianella campestris,14.68831,59.82299
Gentianella campestris,14.0829,57.67849
Gentianella campestris,15.66811,59.11853
Gentianella campestris,12.64441,59.95864
Gentianella campestris,16.27587,58.59317
Gentianella campestris,12.34859,59.54613
Gentianella campestris,13.44526,58.20873
Gentianella campestris,15.24834,59.89334
Gentianella campestris,12.46024,59.07533
Gentianella campestris,16.65489,60.42247
Gentianella campestris,11.5528,58.06287
Gentianella campestris,11.75244,58.07317
Gentianella campestris,11.18109,58.74697
Gentianella campestris,14.73556,58.05744
Gentianella campestris,18.40367,60.20198
Gentianella campestris,10.669365,62.149899
Gentianella campestris,10.668871,62.140927
Gentianella campestris,10.629561,62.123438
Gentianella campestris,14.507801,67.012423
Gentianella campestris,15.28947,67.234044
Gentianella campestris,14.104376,66.750497
Gentianella campestris,14.850921,67.001005
Gentianella campestris,9.29494,61.998445
Gentianella campestris,10.032125,59.722196
Gentianella campestris,10.01803,59.720466
Gentianella campestris,8.100387,62.322033
Gentianella campestris,14.637068,67.42182
Gentianella campestris,17.42813,60.57126
Gentianella campestris,16.51928,60.43158
Gentianella campestris,14.46986,57.68586
Gentianella campestris,15.68992,57.30228
Gentianella campestris,16.31486,58.10492
Gentianella campestris,14.45278,57.78447
Gentianella campestris,16.14926,57.10252
Gentianella campestris,14.07849,57.55989
Gentianella campestris,15.53939,67.380959
Gentianella campestris,18.01241,60.16036
Gentianella campestris,18.45093,60.12449
Gentianella campestris,18.85011,59.72968
Gentianella campestris,18.51449,59.75859
Gentianella campestris,18.52806,59.75023
Gentianella campestris,18.5519,59.73716
Gentianella campestris,18.60266,59.75279
Gentianella campestris,18.13839,59.77658
Gentianella campestris,18.72848,59.74233
Gentianella campestris,15.8067,57.87731
Gentianella campestris,10.2018,60.5337
Gentianella campestris,11.7167851758184,59.4161484869199
Gentianella campestris,8.3645,60.8792
Gentianella campestris,10.568,60.4544
Gentianella campestris,10.5261,60.4387
Gentianella campestris,10.5274,60.3511
Gentianella campestris,8.4854,60.2333
Gentianella campestris,8.3831,60.8703
Gentianella campestris,11.1505,60.5626
Gentianella campestris,6.42862421970043,59.2277880466697
Gentianella campestris,8.5657,60.9877
Gentianella campestris,7.5993,62.5026
Gentianella campestris,9.6369,62.3753
Gentianella campestris,14.55952,57.74784
Gentianella campestris,14.57912,57.65772
Gentianella campestris,12.69902,56.37302
Gentianella campestris,15.61504,60.33247
Gentianella campestris,15.96838,60.94593
Gentianella campestris,14.80131,59.53876
Gentianella campestris,15.39545,57.74748
Gentianella campestris,18.0295,69.6038
Gentianella campestris,16.7509511977306,68.4759720175282
Gentianella campestris,17.3667,68.9961
Gentianella campestris,16.4071,69.3596
Gentianella campestris,13.756,66.9509
Gentianella campestris,19.669,69.8576
Gentianella campestris,19.8239,70.1811
Gentianella campestris,19.7231,69.7809
Gentianella campestris,13.85911,63.49129
Gentianella campestris,14.57164,63.03192
Gentianella campestris,13.75559,63.38279
Gentianella campestris,8.357329,62.055236
Gentianella campestris,8.435446,62.071735
Gentianella campestris,7.231808,61.406988
Gentianella campestris,10.612301,60.332677
Gentianella campestris,18.171,59.80536
Gentianella campestris,13.60043,58.13249
Gentianella campestris,13.47763,57.98954
Gentianella campestris,13.60105,58.29773
Gentianella campestris,13.74553,58.2553
Gentianella campestris,13.59292,58.04787
Gentianella campestris,18.48638,59.62984
Gentianella campestris,8.531218,62.524771
Gentianella campestris,9.143659,62.503672
Gentianella campestris,8.538683,62.51941
Gentianella campestris,14.99483,62.9286
Gentianella campestris,14.13765,63.35808
Gentianella campestris,18.52446,59.72785
Gentianella campestris,15.13713,62.72213
Gentianella campestris,14.60382,63.36904
Gentianella campestris,18.44683,62.87788
Gentianella campestris,17.82862,62.72296
Gentianella campestris,18.86416,59.90271
Gentianella campestris,18.49878,60.29146
Gentianella campestris,18.11413,60.12092
Gentianella campestris,18.01988,60.17212
Gentianella campestris,18.11333,60.10311
Gentianella campestris,18.12736,60.1336
Gentianella campestris,17.83505,60.16333
Gentianella campestris,18.10492,60.27157
Gentianella campestris,18.13969,59.957
Gentianella campestris,18.25184,60.22736
Gentianella campestris,17.9383,60.42278
Gentianella campestris,18.42575,60.20307
Gentianella campestris,12.53384,57.80608
Gentianella campestris,15.02677,57.51362
Gentianella campestris,17.69059,62.51763
Gentianella campestris,16.34627,63.58398
Gentianella campestris,18.43447,62.87796
Gentianella campestris,15.11238,58.11178
Gentianella campestris,16.89404,58.50951
Gentianella campestris,15.57258,58.13754
Gentianella campestris,15.54339,57.86732
Gentianella campestris,14.78637,58.12384
Gentianella campestris,15.07382,58.23091
Gentianella campestris,14.70469,58.11796
Gentianella campestris,18.75069,59.26053
Gentianella campestris,18.65751,59.38911
Gentianella campestris,14.88358,58.14275
Gentianella campestris,15.07364,58.70874
Gentianella campestris,13.02176,56.06577
Gentianella campestris,18.82209,60.01057
Gentianella campestris,18.70071,60.1194
Gentianella campestris,18.73388,59.62096
Gentianella campestris,17.61326,59.61658
Gentianella campestris,14.58688,63.33816
Gentianella campestris,18.61846,59.6612
Gentianella campestris,18.20526,59.77626
Gentianella campestris,16.31421,58.05236
Gentianella campestris,12.61554,56.79117
Gentianella campestris,16.25178,58.88112
Gentianella campestris,16.36361,58.82973
Gentianella campestris,16.90434,59.26705
Gentianella campestris,16.40002,58.81299
Gentianella campestris,13.97273,57.94421
Gentianella campestris,11.36754,58.43291
Gentianella campestris,11.26052,58.42847
Gentianella campestris,11.54274,58.05906
Gentianella campestris,11.76217,58.05007
Gentianella campestris,11.74569,57.73651
Gentianella campestris,11.4846,58.26265
Gentianella campestris,16.32899,58.83006
Gentianella campestris,16.84051,59.02924
Gentianella campestris,15.10754,62.78814
Gentianella campestris,13.82829,63.40473
Gentianella campestris,13.26772,63.31831
Gentianella campestris,13.72112,63.34944
Gentianella campestris,14.94621,62.84754
Gentianella campestris,13.79352,63.41837
Gentianella campestris,14.4488,63.05472
Gentianella campestris,14.52792,63.52407
Gentianella campestris,17.95211,60.31309
Gentianella campestris,17.0156,62.1046
Gentianella campestris,8.357624,60.304533
Gentianella campestris,8.393812,60.304703
Gentianella campestris,8.485553,60.224277
Gentianella campestris,10.2046,64.1968
Gentianella campestris,9.9876,62.134
Gentianella campestris,12.1128,60.104
Gentianella campestris,14.96213,58.24202
Gentianella campestris,14.42465,55.99423
Gentianella campestris,15.01335,58.18064
Gentianella campestris,15.20516,58.17303
Gentianella campestris,14.5697,57.65904
Gentianella campestris,15.15868,61.73218
Gentianella campestris,11.3674,58.43947
Gentianella campestris,15.17983,58.19289
Gentianella campestris,13.39092,55.65152
Gentianella campestris,10.422923,63.413486
Gentianella campestris,10.465958,63.393303
Gentianella campestris,10.427775,63.430493
Gentianella campestris,10.470373,63.401336
Gentianella campestris,10.439569,63.425887
Gentianella campestris,10.409173,63.419008
Gentianella campestris,10.452544,63.405109
Gentianella campestris,10.4787,63.407534
Gentianella campestris,10.41362,63.427941
Gentianella campestris,10.436712,63.40886
Gentianella campestris,10.45946,63.422992
Gentianella campestris,10.417404,63.423415
Gentianella campestris,10.44499,63.414162
Gentianella campestris,10.451268,63.419485
Gentianella campestris,10.46096,63.413102
Gentianella campestris,10.399511,63.426284
Gentianella campestris,10.429331,63.421501
Gentianella campestris,16.77518,58.53332
Gentianella campestris,13.70582,58.24069
Gentianella campestris,14.61713,56.92312
Gentianella campestris,12.09248,59.73579
Gentianella campestris,13.0576,63.41589
Gentianella campestris,16.59116,62.06087
Gentianella campestris,16.52708,61.58092
Gentianella campestris,9.578515,62.302376
Gentianella campestris,9.311993,62.635343
Gentianella campestris,10.821039,64.957891
Gentianella campestris,9.44143,62.159256
Gentianella campestris,9.915588,62.605771
Gentianella campestris,10.364086,62.189154
Gentianella campestris,9.940101,62.147793
Gentianella campestris,14.474626,67.273362
Gentianella campestris,8.988444,61.655231
Gentianella campestris,17.52212,60.53845
Gentianella campestris,16.1004,57.39178
Gentianella campestris,14.49174,57.82259
Gentianella campestris,14.5795,57.56755
Gentianella campestris,14.56778,57.66621
Gentianella campestris,14.262192,66.852017
Gentianella campestris,12.33977,62.54127
Gentianella campestris,14.38055,59.04909
Gentianella campestris,18.19441,59.96235
Gentianella campestris,9.6399,61.2352
Gentianella campestris,9.8845,61.1803
Gentianella campestris,5.9381,58.8676
Gentianella campestris,11.73388835675,59.3439458519779
Gentianella campestris,12.4354832277706,60.1164825600252
Gentianella campestris,8.3757,60.3046
Gentianella campestris,8.529,60.9697
Gentianella campestris,11.9404,61.8264
Gentianella campestris,9.69194644960014,61.2168996497011
Gentianella campestris,9.7562,61.4262
Gentianella campestris,8.5842,60.9878
Gentianella campestris,9.9271,62.6267
Gentianella campestris,9.8907,62.6522
Gentianella campestris,10.8488,64.976
Gentianella campestris,17.35324,60.60518
Gentianella campestris,17.36258,60.60093
Gentianella campestris,14.65408,57.68313
Gentianella campestris,15.12832,57.67437
Gentianella campestris,14.56437,63.27951
Gentianella campestris,15.00177,59.558
Gentianella campestris,14.84129,59.95777
Gentianella campestris,15.02817,59.61491
Gentianella campestris,15.28616,58.981
Gentianella campestris,18.9132,69.6305
Gentianella campestris,19.201,69.7454
Gentianella campestris,14.7772,67.1601
Gentianella campestris,9.46103,62.23639
Gentianella campestris,9.50922,62.23573
Gentianella campestris,16.29635,62.28804
Gentianella campestris,5.07443014820005,60.4444205325288
Gentianella campestris,19.884,69.6797
Gentianella campestris,14.45113,62.82695
Gentianella campestris,15.27581,57.80721
Gentianella campestris,16.243494,68.747353
Gentianella campestris,7.915864,61.072974
Gentianella campestris,7.530897,61.061255
Gentianella campestris,8.017847,61.107244
Gentianella campestris,8.017455,61.143783
Gentianella campestris,9.592492,61.243014
Gentianella campestris,9.516017,61.23794
Gentianella campestris,9.480857,61.253331
Gentianella campestris,7.31679,61.429167
Gentianella campestris,7.309515,61.425036
Gentianella campestris,10.453637,60.357405
Gentianella campestris,13.78734,58.32941
Gentianella campestris,8.500531,62.547464
Gentianella campestris,15.00296,62.92593
Gentianella campestris,14.69621,63.19972
Gentianella campestris,16.96208,58.67557
Gentianella campestris,17.21822,58.97117
Gentianella campestris,15.17617,61.72673
Gentianella campestris,15.68899,62.11966
Gentianella campestris,16.5992,62.14618
Gentianella campestris,16.33713,62.14084
Gentianella campestris,16.52729,62.16894
Gentianella campestris,16.40979,61.11474
Gentianella campestris,15.79413,62.26361
Gentianella campestris,16.60782,62.18704
Gentianella campestris,16.35791,61.06524
Gentianella campestris,15.84979,61.29898
Gentianella campestris,16.51103,62.17212
Gentianella campestris,14.7588,63.13662
Gentianella campestris,14.32,63.32185
Gentianella campestris,14.75034,63.02692
Gentianella campestris,14.76981,63.12809
Gentianella campestris,17.48474,62.52108
Gentianella campestris,12.71208,56.46911
Gentianella campestris,15.68021,56.88612
Gentianella campestris,16.30256,58.04223
Gentianella campestris,17.56396,62.74467
Gentianella campestris,15.60423,60.33923
Gentianella campestris,15.36014,60.79631
Gentianella campestris,15.76179,58.30293
Gentianella campestris,18.77677,59.28316
Gentianella campestris,18.78745,59.28471
Gentianella campestris,14.91623,58.36494
Gentianella campestris,16.30878,62.29174
Gentianella campestris,11.25009,58.40892
Gentianella campestris,11.23783,58.41377
Gentianella campestris,11.58478,57.97526
Gentianella campestris,14.65042,56.25034
Gentianella campestris,15.84006,56.29929
Gentianella campestris,14.77792,58.07419
Gentianella campestris,14.51375,58.6173
Gentianella campestris,16.07504,59.80206
Gentianella campestris,13.82236,57.90031
Gentianella campestris,16.74046,58.17111
Gentianella campestris,13.52196,58.17222
Gentianella campestris,13.63968,58.1317
Gentianella campestris,13.62845,58.16961
Gentianella campestris,14.73974,63.28847
Gentianella campestris,15.30111,63.07921
Gentianella campestris,15.17331,62.96807
Gentianella campestris,14.53926,62.89684
Gentianella campestris,13.27343,63.55409
Gentianella campestris,15.13239,62.97299
Gentianella campestris,15.15494,62.94858
Gentianella campestris,15.08145,62.97615
Gentianella campestris,16.57148,62.1208
Gentianella campestris,15.14322,61.71752
Gentianella campestris,16.2678,61.0453
Gentianella campestris,16.47372,62.03157
Gentianella campestris,16.57261,62.16566
Gentianella campestris,16.57035,62.07594
Gentianella campestris,16.56923,62.03108
Gentianella campestris,16.18942,62.21211
Gentianella campestris,16.47667,62.16616
Gentianella campestris,16.28408,62.12209
Gentianella campestris,15.99309,61.53953
Gentianella campestris,16.37905,62.07686
Gentianella campestris,13.05879,63.21676
Gentianella campestris,14.7934,63.3206
Gentianella campestris,14.018,63.3852
Gentianella campestris,14.7582,63.0775
Gentianella campestris,13.9307,63.3968
Gentianella campestris,14.2803,63.4798
Gentianella campestris,14.6482,63.81
Gentianella campestris,22.5916,67.172
Gentianella campestris,19.5598,67.8141
Gentianella campestris,15.5458,57.3798
Gentianella campestris,16.3172,58.9437
Gentianella campestris,14.6016,62.9976
Gentianella campestris,16.2644,58.8758
Gentianella campestris,14.2085,63.4934
Gentianella campestris,15.1568,61.1332
Gentianella campestris,13.5858,57.8943
Gentianella campestris,14.4065,63.3168
Gentianella campestris,18.995,59.7459
Gentianella campestris,17.2329,58.751
Gentianella campestris,14.1763,63.7081
Gentianella campestris,14.6916,63.8033
Gentianella campestris,15.6012,57.557
Gentianella campestris,16.7628,62.254
Gentianella campestris,13.9373,63.3916
Gentianella campestris,14.1729,63.4638
Gentianella campestris,11.6317,57.9533
Gentianella campestris,14.7014,63.8055
Gentianella campestris,14.482,63.3735
Gentianella campestris,14.1841,63.487
Gentianella campestris,16.1025,59.3299
Gentianella campestris,14.7597,63.2396
Gentianella campestris,17.0825,58.7574
Gentianella campestris,14.8592,63.2189
Gentianella campestris,14.8862,59.2792
Gentianella campestris,13.9809,63.4965
Gentianella campestris,14.0731,58.1045
Gentianella campestris,14.3184,63.4801
Gentianella campestris,17.2617,62.9055
Gentianella campestris,16.3681,59.2706
Gentianella campestris,14.5295,58.7388
Gentianella campestris,15.6106,62.6111
Gentianella campestris,16.95,58.422
Gentianella campestris,14.6018,63.667
Gentianella campestris,14.553,63.0591
Gentianella campestris,15.9137,60.1305
Gentianella campestris,17.2605,58.7595
Gentianella campestris,16.1577,59.0294
Gentianella campestris,16.2362,58.8995
Gentianella campestris,17.2093,62.5872
Gentianella campestris,14.612,62.9861
Gentianella campestris,12.1605,59.2976
Gentianella campestris,14.5094,63.1124
Gentianella campestris,14.499,63.0162
Gentianella campestris,14.4694,63.3537
Gentianella campestris,15.8241,62.4253
Gentianella campestris,13.8697,63.4073
Gentianella campestris,14.4473,59.8166
Gentianella campestris,16.0417,58.4321
Gentianella campestris,19.5852,67.825
Gentianella campestris,15.9267,60.1115
Gentianella campestris,13.8145,63.502
Gentianella campestris,14.6002,63.0177
Gentianella campestris,14.9542,59.4095
Gentianella campestris,16.0768,60.4732
Gentianella campestris,13.8882,60.2472
Gentianella campestris,15.8372,62.5703
Gentianella campestris,14.7663,63.3921
Gentianella campestris,14.0667,63.3634
Gentianella campestris,14.0421,63.3446
Gentianella campestris,17.3076,58.831
Gentianella campestris,12.5047,59.9951
Gentianella campestris,15.1627,58.0903
Gentianella campestris,14.03,63.3744
Gentianella campestris,15.1105,57.9667
Gentianella campestris,14.0641,63.3147
Gentianella campestris,17.5237,62.474
Gentianella campestris,14.1589,63.4594
Gentianella campestris,15.4052,63.3259
Gentianella campestris,14.062,63.3248
Gentianella campestris,15.2361,63.2808
Gentianella campestris,16.9886,58.7432
Gentianella campestris,17.2117,58.9167
Gentianella campestris,14.4375,59.7239
Gentianella campestris,16.2785,59.0367
Gentianella campestris,17.4096,58.8184
Gentianella campestris,13.9099,63.3962
Gentianella campestris,16.4798,58.7512
Gentianella campestris,14.6196,63.685
Gentianella campestris,9.2422,63.0488
Gentianella campestris,14.77229,59.41623
Gentianella campestris,15.12182,58.82481
Gentianella campestris,13.88247,57.47443
Gentianella campestris,15.80483,58.5876
Gentianella campestris,14.55899,63.26888
Gentianella campestris,15.3438,59.09359
Gentianella campestris,16.11448,59.73295
Gentianella campestris,14.49083,57.69697
Gentianella campestris,15.96454,59.98068
Gentianella campestris,13.86269,57.5648
Gentianella campestris,15.45562,57.69966
Gentianella campestris,16.5704,62.05108
Gentianella campestris,16.57312,62.08162
Gentianella campestris,16.45919,62.09111
Gentianella campestris,16.96643,59.26707
Gentianella campestris,16.42638,58.85413
Gentianella campestris,15.11791,61.74585
Gentianella campestris,14.88896,57.6878
Gentianella campestris,15.40382,62.12482
Gentianella campestris,13.86263,57.48829
Gentianella campestris,16.34892,61.07203
Gentianella campestris,14.9878,57.84023
Gentianella campestris,14.76875,58.26683
Gentianella campestris,15.30194,59.00983
Gentianella campestris,14.88448,59.46472
Gentianella campestris,15.569,59.64684
Gentianella campestris,15.26356,58.98196
Gentianella campestris,16.53921,61.57308
Gentianella campestris,15.07985,58.92296
Gentianella campestris,14.76181,59.41339
Gentianella campestris,14.85795,59.4675
Gentianella campestris,16.28447,61.06574
Gentianella campestris,15.00699,59.54618
Gentianella campestris,14.87642,59.2796
Gentianella campestris,18.40455,60.31219
Gentianella campestris,14.6611,58.81785
Gentianella campestris,14.44256,57.78795
Gentianella campestris,16.74113,58.16428
Gentianella campestris,14.7673,60.01721
Gentianella campestris,14.72973,57.6309
Gentianella campestris,15.00638,58.23172
Gentianella campestris,15.73537,59.94216
Gentianella campestris,15.08076,59.65164
Gentianella campestris,14.50573,57.62069
Gentianella campestris,15.08973,59.64884
Gentianella campestris,16.51593,62.06732
Gentianella campestris,16.6111,58.14669
Gentianella campestris,14.27966,63.67784
Gentianella campestris,14.21915,57.70632
Gentianella campestris,14.73695,59.27714
Gentianella campestris,14.991,57.22654
Gentianella campestris,14.98728,59.5049
Gentianella campestris,13.59986,58.25658
Gentianella campestris,14.80134,59.27319
Gentianella campestris,16.24097,62.2191
Gentianella campestris,14.78971,59.42259
Gentianella campestris,14.81324,59.44342
